gene_name,ncbi_url,sense_sequence,anti-sense_sequence
ABCB1,http://www.ncbi.nlm.nih.gov/entrez/viewer.fcgi?db=nuccore&id=42741658,CGAACACATTGGAAGGAAATT,TTTCCTTCCAATGTGTTCGGC
ABCC1,http://www.ncbi.nlm.nih.gov/entrez/viewer.fcgi?db=nucleotide&val=NM_004996,GAGTGGAATTCCGGAACTATT,TAGTTCCGGAATTCCACTCGG
ADAM8,http://www.ncbi.nlm.nih.gov/entrez/viewer.fcgi?db=nucleotide&val=NM_001109,GCATCATCGTCTACCGCAATT,TTGCGGTAGACGATGATGCCT
AKT2,http://www.ncbi.nlm.nih.gov/entrez/viewer.fcgi?db=nucleotide&val=NM_001626,GGATGAAGTCGCTCACACATT,TGTGTGAGCGACTTCATCCTT
AKT3,http://www.ncbi.nlm.nih.gov/entrez/viewer.fcgi?db=nucleotide&val=NM_005465,GCAGCTCCAACTTATATAATT,TTATATAAGTTGGAGCTGCGT
AKT3,http://www.ncbi.nlm.nih.gov/entrez/viewer.fcgi?db=nucleotide&val=NM_005465,GAGTGATCATGGAAATGTATT,TACATTTCCATGATCACTCCG
ANP32A,http://www.ncbi.nlm.nih.gov/entrez/viewer.fcgi?db=nucleotide&val=NM_006305,GACTAAGTGGAATAACCTATT,TAGGTTATTCCACTTAGTCAT
ARD1A,http://www.ncbi.nlm.nih.gov/entrez/viewer.fcgi?db=nuccore&id=34222259,AGATGAAATACTACTTCTATT,TAGAAGTAGTATTTCATCTGG
ARHGDIB,http://www.ncbi.nlm.nih.gov/entrez/viewer.fcgi?db=nuccore&id=56676392,CTGAATAAATAGATCAGAATT,TTCTGATCTATTTATTCAGTG
ARHGDIB,http://www.ncbi.nlm.nih.gov/entrez/viewer.fcgi?db=nuccore&id=56676392,CAGCTGGGTCCCTCTTCAATT,TTGAAGAGGGACCCAGCTGTG
ARHGEF12,http://www.ncbi.nlm.nih.gov/entrez/viewer.fcgi?db=nucleotide&val=NM_015313,CGTTTAGCCCTGTCATTAATT,TTAATGACAGGGCTAAACGTG
ARHGEF12,http://www.ncbi.nlm.nih.gov/entrez/viewer.fcgi?db=nucleotide&val=NM_015313,GAGAGTCACCAACAGATAATT,TTATCTGTTGGTGACTCTCGG
ASNS,http://www.ncbi.nlm.nih.gov/entrez/viewer.fcgi?db=nuccore&id=19718771,GGATACTGCCAATAAGAAATT,TTTCTTATTGGCAGTATCCAG
ASNS,http://www.ncbi.nlm.nih.gov/entrez/viewer.fcgi?db=nuccore&id=19718771,GAAGCTAAAGGTCTTGTTATT,TAACAAGACCTTTAGCTTCTG
BAD,http://www.ncbi.nlm.nih.gov/entrez/viewer.fcgi?db=nuccore&id=14670386,GAGTTTGTGGACTCCTTTATT,TAAAGGAGTCCACAAACTCGT
BAG1,http://www.ncbi.nlm.nih.gov/entrez/viewer.fcgi?db=nucleotide&val=NM_004323,GGGTCATGTTAATTGGGAATT,TTCCCAATTAACATGACCCGG
BAG3,http://www.ncbi.nlm.nih.gov/entrez/viewer.fcgi?db=nuccore&id=62530382,GCAAAGAGGTGGATTCTAATT,TTAGAATCCACCTCTTTGCGG
BAG3,http://www.ncbi.nlm.nih.gov/entrez/viewer.fcgi?db=nuccore&id=62530382,CGATGTGTGCTTTAGGGAATT,TTCCCTAAAGCACACATCGGT
BAG4,http://www.ncbi.nlm.nih.gov/entrez/viewer.fcgi?db=nuccore&id=14574569,GGATATAATCTGAGACAAATT,TTTGTCTCAGATTATATCCAG
BAG4,http://www.ncbi.nlm.nih.gov/entrez/viewer.fcgi?db=nuccore&id=14574569,ACATATACTTCATGTGTAATT,TTACACATGAAGTATATGTTG
BRMS1,http://www.ncbi.nlm.nih.gov/entrez/viewer.fcgi?db=nuccore&id=68348700,GGAATAAGTACGAATGTGATT,TCACATTCGTACTTATTCCTG
BRMS1,http://www.ncbi.nlm.nih.gov/entrez/viewer.fcgi?db=nuccore&id=68348700,GGAGAAGTTGTTCAGGGAATT,TTCCCTGAACAACTTCTCCTT
CAV1,http://www.ncbi.nlm.nih.gov/entrez/viewer.fcgi?db=nuccore&id=15451855,GCAACAATTTATGAATTGATT,TCAATTCATAAATTGTTGCTG
CAV1,http://www.ncbi.nlm.nih.gov/entrez/viewer.fcgi?db=nuccore&id=15451855,GGAATAAGTTCAAATTCTTTT,AAGAATTTGAACTTATTCCAG
CCND1,http://www.ncbi.nlm.nih.gov/entrez/viewer.fcgi?db=nucleotide&val=NM_053056,CCTACGATACGCTACTATATT,TATAGTAGCGTATCGTAGGAG
CD44,http://www.ncbi.nlm.nih.gov/entrez/viewer.fcgi?db=nuccore&id=6491738,TGAGGGATATCGCCAAACAdTdT,TGTTTGGCGATATCCCTCAdTdT
CD44,http://www.ncbi.nlm.nih.gov/entrez/viewer.fcgi?db=nuccore&id=6491738,GCAACTCCTAGTAGTACAAdTdT,TTGTACTACTAGGAGTTGCdTdT
CD82,http://www.ncbi.nlm.nih.gov/entrez/viewer.fcgi?db=nuccore&id=67782352,GGGTTCTCTTATCAACTCATT,TGAGTTGATAAGAGAACCCTG
CD82,http://www.ncbi.nlm.nih.gov/entrez/viewer.fcgi?db=nuccore&id=67782352,CAAGGGTGTGTATATTGTATT,TACAATATACACACCCTTGAG
CDH1,http://www.ncbi.nlm.nih.gov/entrez/viewer.fcgi?db=nuccore&id=14589887,GGCCTGAAGTGACTCGTAATT,TTACGAGTCACTTCAGGCCGA
CDK4,http://www.ncbi.nlm.nih.gov/entrez/viewer.fcgi?db=nucleotide&val=NM_000075,GGTAATCCGGAGTGAGCAATT,TTGCTCACTCCGGATTACCTT
CDK4,http://www.ncbi.nlm.nih.gov/entrez/viewer.fcgi?db=nucleotide&val=NM_000075,GAACTGACCGGGAGATCAATT,TTGATCTCCCGGTCAGTTCGG
CTNNB1,http://www.ncbi.nlm.nih.gov/entrez/viewer.fcgi?db=nucleotide&val=NM_001904,CGGGATGTTCACAACCGAATT,TTCGGTTGTGAACATCCCGAG
CTNNB1,http://www.ncbi.nlm.nih.gov/entrez/viewer.fcgi?db=nucleotide&val=NM_001904,GGGTAGGGTAAATCAGTAATT,TTACTGATTTACCCTACCCAT
CUL2,http://www.ncbi.nlm.nih.gov/entrez/viewer.fcgi?db=nucleotide&val=NM_003591,GCACAATGCCCTTATTCAATT,TTGAATAAGGGCATTGTGCCG
CXCR4,http://www.ncbi.nlm.nih.gov/entrez/viewer.fcgi?db=nuccore&id=56790926,GUUUUCACUCCAGCUAACAdTdT,UGUUAGCUGGAGUGAAAACdTdT
EGFP,http://www.ncbi.nlm.nih.gov/entrez/viewer.fcgi?db=protein&id=1377915,,
EGFR,http://www.ncbi.nlm.nih.gov/entrez/viewer.fcgi?db=nucleotide&val=NM_005228,GGATAGTATGAGCCCTAAATT,TTTAGGGCTCATACTATCCTC
EGFR,http://www.ncbi.nlm.nih.gov/entrez/viewer.fcgi?db=nucleotide&val=NM_005228,CCTTAGCAGTCTTATCTAATT,TTAGATAAGACTGCTAAGGCA
FGFR1,http://www.ncbi.nlm.nih.gov/entrez/viewer.fcgi?db=nucleotide&val=NM_023105,GAGATTTACCCATCGGGTATT,TACCCGATGGGTAAATCTCTG
FH,http://www.ncbi.nlm.nih.gov/entrez/viewer.fcgi?db=nuccore&id=19743874,GATCTACGATGAACTTTAATT,TTAAAGTTCATCGTAGATCTC
FH,http://www.ncbi.nlm.nih.gov/entrez/viewer.fcgi?db=nuccore&id=19743874,CAACGATCATGTTAATAAATT,TTTATTAACATGATCGTTGGG
FMR1,http://www.ncbi.nlm.nih.gov/entrez/viewer.fcgi?db=nucleotide&val=NM_002024,CGTGAATGGAGTACCCTAATT,TTAGGGTACTCCATTCACGAG
GIPC1,http://www.ncbi.nlm.nih.gov/entrez/viewer.fcgi?db=nuccore&id=21735623,ACATGATCGAGGCCATTAATT,TTAATGGCCTCGATCATGTCG
GIPC1,http://www.ncbi.nlm.nih.gov/entrez/viewer.fcgi?db=nuccore&id=21735623,GCCGTACCTTCACGCTGAATT,TTCAGCGTGAAGGTACGGCCT
P.pyralis,http://www.ncbi.nlm.nih.gov/entrez/viewer.fcgi?db=nuccore&id=160793,,
GSK3B,http://www.ncbi.nlm.nih.gov/entrez/viewer.fcgi?db=nucleotide&val=NM_002093,CACTGGTCACGTTTGGAAATT,TTTCCAAACGTGACCAGTGTT
GSK3B,http://www.ncbi.nlm.nih.gov/entrez/viewer.fcgi?db=nucleotide&val=NM_002093,GCATTTATCGTTAACCTAATT,TTAGGTTAACGATAAATGCAG
HDAC1,http://www.ncbi.nlm.nih.gov/entrez/viewer.fcgi?db=nucleotide&val=NM_004964,CCCGGAGGAAAGTCTGTTATT,TAACAGACTTTCCTCCGGGTG
HIF1A,http://www.ncbi.nlm.nih.gov/entrez/viewer.fcgi?db=nuccore&id=31077212,CGTTGTGAGTGGTATTATTTT,AATAATACCACTCACAACGTA
HPRT1,http://www.ncbi.nlm.nih.gov/entrez/viewer.fcgi?db=nuccore&id=4504482,GATTGTTGTTTAACTTGTATT,TACAAGTTAAACAACAATCCG
HSP90,http://www.ncbi.nlm.nih.gov/entrez/viewer.fcgi?db=nucleotide&val=NM_005348,AGAAATAGGTTAAACTGAATT,TTCAGTTTAACCTATTTCTAG
HSP90,http://www.ncbi.nlm.nih.gov/entrez/viewer.fcgi?db=nucleotide&val=NM_005348,GCCCTAAGAGACAACTCAATT,TTGAGTTGTCTCTTAGGGCTT
IGF2R,http://www.ncbi.nlm.nih.gov/entrez/viewer.fcgi?db=nucleotide&val=NM_000876,CGCAGGTAACGATGGGAAATT,TTTCCCATCGTTACCTGCGGT
IGF2R,http://www.ncbi.nlm.nih.gov/entrez/viewer.fcgi?db=nucleotide&val=NM_000876,GAGTCTCGTACTATATAAATT,TTTATATAGTACGAGACTCCG
ITGB1,http://www.ncbi.nlm.nih.gov/entrez/viewer.fcgi?db=nuccore&id=19743812,GCGAGTGTGATAATTTCAATT,TTGAAATTATCACACTCGCAG
ITGB1,http://www.ncbi.nlm.nih.gov/entrez/viewer.fcgi?db=nuccore&id=19743812,GGATATTACTCAGATCCAATT,TTGGATCTGAGTAATATCCTC
K-RAS,http://www.ncbi.nlm.nih.gov/entrez/viewer.fcgi?db=nucleotide&val=NM_004985,GACGTATATTGTATCATTTTT,AAATGATACAATATACGTCTG
K-RAS,http://www.ncbi.nlm.nih.gov/entrez/viewer.fcgi?db=nucleotide&val=NM_004985,GAGATAACACGATGCGTATTT,ATACGCATCGTGTTATCTCTG
KISS1,http://www.ncbi.nlm.nih.gov/entrez/viewer.fcgi?db=nucleotide&val=NM_002256,GAAATGTTGCGTAACTCAATT,TTGAGTTACGCAACATTTCTT
MAP2K1,http://www.ncbi.nlm.nih.gov/entrez/viewer.fcgi?db=nucleotide&val=NM_002755,GGAAGAATTCCTGAACAAATT,TTTGTTCAGGAATTCTTCCAG
MAP2K1,http://www.ncbi.nlm.nih.gov/entrez/viewer.fcgi?db=nucleotide&val=NM_002755,GGATCAAGTCCTGAAGAAATT,TTTCTTCAGGACTTGATCCAG
MAPK14,http://www.ncbi.nlm.nih.gov/entrez/viewer.fcgi?db=nucleotide&val=NM_001315,CTCTCCAAATATTATTCAATT,TTGAATAATATTTGGAGAGTT
MET,http://www.ncbi.nlm.nih.gov/entrez/viewer.fcgi?db=nucleotide&val=NM_000245,CGAGGGAATCATCATGAAATT,TTTCATGATGATTCCCTCGGT
MMP1,http://www.ncbi.nlm.nih.gov/entrez/viewer.fcgi?db=nuccore&id=13027798,GCGTGTGACAGTAAGCTAATT,TTAGCTTACTGTCACACGCTT
NME1,http://www.ncbi.nlm.nih.gov/entrez/viewer.fcgi?db=nuccore&id=38045911,AGTTGGCAGGAACATTATATT,TATAATGTTCCTGCCAACTTG
NME2,http://www.ncbi.nlm.nih.gov/entrez/viewer.fcgi?db=nuccore&val=66392201,GAGCATATTTGCCAATAAATT,TTTATTGGCAAATATGCTCTA
NME2,http://www.ncbi.nlm.nih.gov/entrez/viewer.fcgi?db=nuccore&val=66392201,GCACCTTCATCGCCATCAATT,TTGATGGCGATGAAGGTGCGC
TP53,http://www.ncbi.nlm.nih.gov/entrez/viewer.fcgi?db=nucleotide&val=NM_000546,GAGTGCATTGTGAGGGTTATT,TAACCCTCACAATGCACTCTG
PIK3C2A,http://www.ncbi.nlm.nih.gov/entrez/viewer.fcgi?db=nuccore&id=157671928,CCCACTAATTGCATTGGAATT,TTCCAATGCAATTAGTGGGTA
PLK1,http://www.ncbi.nlm.nih.gov/entrez/viewer.fcgi?db=nuccore&id=34147632,CCATATGAATTGTACAGAATT,TTCTGTACAATTCATATGGTG
PLK1,http://www.ncbi.nlm.nih.gov/entrez/viewer.fcgi?db=nuccore&id=34147632,GGATCAAGAAGAATGAATATT,TATTCATTCTTCTTGATCCGG
RB1,http://www.ncbi.nlm.nih.gov/entrez/viewer.fcgi?db=nucleotide&val=NM_000321,CGTGTAAATTCTACTGCAATT,TTGCAGTAGAATTTACACGCG
RB1,http://www.ncbi.nlm.nih.gov/entrez/viewer.fcgi?db=nucleotide&val=NM_000321,GGGTTGTGTCGAAATTGGATT,TCCAATTTCGACACAACCCTG
RBX1,http://www.ncbi.nlm.nih.gov/entrez/viewer.fcgi?db=nuccore&id=22091459,GGGATATTGTGGTTGATAATT,TTATCAACCACAATATCCCAG
RNA,http://www.ncbi.nlm.nih.gov/entrez/viewer.fcgi?db=nuccore&id=100913205,,
RHOA,http://www.ncbi.nlm.nih.gov/entrez/viewer.fcgi?db=nuccore&id=50593005,AGCTAGACGTGGGAAGAAATT,TTTCTTCCCACGTCTAGCTTG
RHOA,http://www.ncbi.nlm.nih.gov/entrez/viewer.fcgi?db=nuccore&id=50593005,CGGAATGATGAGCACACAATT,TTGTGTGCTCATCATTCCGAA
RHOC,http://www.ncbi.nlm.nih.gov/entrez/viewer.fcgi?db=nucleotide&val=NM_175744,CTACTGTCTTTGAGAACTATT,TAGTTCTCAAAGACAGTAGGG
SFN,http://www.ncbi.nlm.nih.gov/entrez/viewer.fcgi?db=nucleotide&val=NM_006142,CATGTTTCCTCTCAATAAATT,TTTATTGAGAGGAAACATGGT
SFN,http://www.ncbi.nlm.nih.gov/entrez/viewer.fcgi?db=nucleotide&val=NM_006142,GGGAGAAGGTGGAGACTGATT,TCAGTCTCCACCTTCTCCCGG
Renilla,http://www.ncbi.nlm.nih.gov/entrez/viewer.fcgi?db=protein&id=2582519,GCCAAGAAGUUUCCUAAUAUU,UAUUAGGAAACUUCUUGGCUU
SMAD2,http://www.ncbi.nlm.nih.gov/entrez/viewer.fcgi?db=nucleotide&val=NM_001003652,ACTAGAATGTGCACCATAATT,TTATGGTGCACATTCTAGTTA
SOS1,http://www.ncbi.nlm.nih.gov/entrez/viewer.fcgi?db=nucleotide&val=NM_005633,GGTTGAATCCATCACTAAATT,TTTAGTGATGGATTCAACCCA
SRC,http://www.ncbi.nlm.nih.gov/entrez/viewer.fcgi?db=nucleotide&val=NM_005417,GCTTGTGGGTGATGTTTGATT,TCAAACATCACCCACAAGCCG
STAT1,http://www.ncbi.nlm.nih.gov/entrez/viewer.fcgi?db=nucleotide&val=NM_007315,CAACTATATTATCATGCAATT,TTGCATGATAATATAGTTGTG
STAT1,http://www.ncbi.nlm.nih.gov/entrez/viewer.fcgi?db=nucleotide&val=NM_007315,GCTTGACGTAGGAACGGTATT,TACCGTTCCTACGTCAAGCAG
STAT3,http://www.ncbi.nlm.nih.gov/entrez/viewer.fcgi?db=nucleotide&val=NM_003150,CGTCATTAGCAGAATCTCATT,TGAGATTCTGCTAATGACGTT
TOP1,http://www.ncbi.nlm.nih.gov/entrez/viewer.fcgi?db=nucleotide&val=NM_003286,GGAAGGACTCCATCAGATATT,TATCTGATGGAGTCCTTCCCG
TOP1,http://www.ncbi.nlm.nih.gov/entrez/viewer.fcgi?db=nucleotide&val=NM_003286,GGATGATGCTGATTATAAATT,TTTATAATCAGCATCATCCTC
VIL2,http://www.ncbi.nlm.nih.gov/entrez/viewer.fcgi?db=nucleotide&val=NM_003379,GGACTGATTGAATTACGGATT,TCCGTAATTCAATCAGTCCTG
Xrn1,http://www.ncbi.nlm.nih.gov/entrez/viewer.fcgi?db=nuccore&id=110624791,,
Xrn1,http://www.ncbi.nlm.nih.gov/entrez/viewer.fcgi?db=nuccore&id=110624791,,
YWHAZ,http://www.ncbi.nlm.nih.gov/entrez/viewer.fcgi?db=nuccore&id=21735623,GGTTTATGTTACTTCTATTTT,AATAGAAGTAACATAAACCTG
